id,scroll_id
1407735,26002
2290837,34117
3320274,35360
8862040,34117
11460685,34117
11630450,34117
15307632,34117
17283971,34117
19797301,26010
26894125,26002
29754811,34117
38034250,34117
40625686,34117
44701864,34117
45525309,26010
46039092,34117
48696132,34117
53160227,34117
60272894,34117
62269536,34117
63469416,26010
70695797,34117
79646334,34117
86701140,34117
90569866,35360
102536988,35360
105068588,34117
105796630,26002
108672114,34117
110997297,26010
114235076,34117
118041886,34117
118632705,34117
149409101,35360
158898728,35360
159112826,34117
162812671,34117
164224384,34117
176501514,34117
185176123,34117
193365288,34117
196724516,34117
206065757,34117
209220243,35360
215093936,34117
216571367,34117
216657071,34117
236296322,26010
237111043,34117
239904888,26010
241509106,34117
241514276,34117
244496252,35360
246751123,34117
250913537,34117
251333914,26010
262156460,35360
263322541,26010
278498200,34117
288548608,35360
294458037,34117
302353284,34117
302991709,34117
304383493,35360
311543433,34117
315189226,34117
324225693,34117
327851248,26002
338740527,34117
342428192,35360
342477941,34117
344456112,34117
360339268,34117
363381119,34117
364539111,34117
364978558,34117
370627915,34117
378779937,34117
398977019,35360
399611216,35360
404970490,35360
406944815,35360
415208576,34117
417091286,34117
418613908,26002
419698042,26010
426871543,34117
435122332,34117
436578995,34117
446913980,34117
453687900,35360
456049089,34117
464289213,34117
469631183,26010
469842901,35360
469888632,26010
477109023,26002
489699498,26010
489804959,44430
500230427,35360
501349675,34117
508375143,35360
508465689,26010
513390852,34117
516292750,34117
521237884,26010
529850947,26002
530021252,34117
535029841,44430
535534919,35360
537634870,34117
537867812,34117
541673255,26010
544161273,35360
547922158,35360
549744828,35360
555297952,34117
567464717,34117
568160669,26002
571334887,34117
572077733,44430
583807726,34117
584514551,34117
595274163,34117
599381487,26002
601001728,35360
601514225,34117
602831951,26010
608924538,34117
628488599,34117
633046981,34117
636928528,26010
638703951,34117
643395780,34117
648443467,35360
656697281,26002
657118714,34117
663106834,34117
677662996,26010
687559918,34117
690562299,34117
693501383,26010
694937072,34117
698453823,35360
702123980,34117
702267251,34117
708370133,34117
711169763,34117
711832556,26010
714558499,34117
715431997,34117
716803219,26010
719197630,26010
722561671,34117
724175864,34117
725727411,26010
730065526,26002
744788585,26010
746664827,35360
762867428,26002
765473271,26010
772457118,26010
776379178,35360
777463733,35360
785433964,34117
787804611,35360
797181487,35360
803213133,35360
805297990,26010
808135176,26002
810239114,26010
817999107,34117
821686014,34117
826588329,26010
840310891,34117
850710964,34117
850790699,53997
862434992,44430
865516044,35360
867889560,34117
871773282,35360
872723030,35360
881402752,34117
885379642,34117
885730675,34117
890851788,34117
896875242,34117
916238493,34117
917058676,26002
918445717,34117
925960484,34117
928131323,26010
933191725,26002
944699214,35360
948300397,44430
956073442,35360
961304774,26002
969293709,34117
975031774,34117
985841575,34117
992852942,26002
1004283650,34117
1006462223,35360
1013184726,34117
1029212680,34117
1033375083,26010
1033784946,34117
1044587645,34117
1059332280,26002
1061356924,26002
1075217434,34117
1079776201,34117
1083486419,34117
1105906805,34117
1108059824,53997
1113943087,34117
1127903126,35360
1128635125,35360
1154777170,26010
1156808983,34117
1157445126,34117
1159818141,26002
1168011639,34117
1176487902,53997
1182039038,26010
1186499682,35360
1189767014,34117
1200862647,26010
1201940326,35360
1204899528,26010
1208001693,34117
1210295426,34117
1210615920,26010
1210927642,26010
1215679884,35360
1219581388,34117
1230055797,26002
1235128733,34117
1238314834,34117
1238390590,35360
1239284127,26002
1240194203,53997
1242812707,35360
1242962297,35360
1253813461,34117
1255754809,34117
1261544272,35360
1267989019,26010
1271223370,26010
1272760814,34117
1294570892,26002
1296996509,34117
1306752115,35360
1311779219,34117
1316805721,26002
1329351767,26002
1330705651,35360
1332121747,35360
1341999317,53997
1351645019,34117
1354910392,34117
1367329139,35360
1368903217,34117
1369609932,34117
1370134939,26010
1379194145,34117
1391167593,35360
1395654524,34117
1404108352,26002
1412233012,26002
1420786524,34117
1424527489,35360
1425151232,26010
1430679851,34117
1435658104,34117
1440669255,26002
1442179410,34117
1448189335,34117
1449602646,34117
1454104195,35360
1459340749,26002
1460828631,35360
1471460767,35360
1480691377,34117
1483500546,26010
1497289496,26010
1503030068,26010
1505524936,34117
1505792607,35360
1506367235,35360
1508330045,34117
1519902750,34117
1522833038,34117
1524465289,26010
1526377662,26010
1531506078,34117
1542708535,34117
1553955454,35360
1556295020,34117
1557465183,26002
1561013957,34117
1565784049,26002
1566185731,34117
1577382633,26002
1578248244,34117
1589119778,34117
1596691633,34117
1603877492,35360
1607714040,26002
1612471366,34117
1613378452,26010
1615896532,34117
1616597122,26002
1625676216,35360
1625909146,34117
1634687021,26010
1639956906,34117
1641318781,35360
1642047701,53997
1643996246,35360
1655876858,34117
1662041291,26010
1666298112,34117
1669670049,34117
1671010748,35360
1679790444,26010
1681590107,26010
1687829027,34117
1693625989,34117
1693721638,35360
1704770049,34117
1706947731,26010
1715403595,34117
1720613063,26010
1722912570,26002
1725830085,26010
1732242978,26010
1734818300,35360
1737469977,26002
1741397554,35360
1746646794,34117
1757276221,26002
1762562855,35360
1779677207,34117
1783261305,26002
1790344501,34117
1790856995,34117
1791213794,34117
1793326608,26010
1795164441,26010
1796385572,34117
1796762532,35360
1798146413,34117
1812790174,35360
1815623142,34117
1818529443,34117
1820528268,26002
1823626595,35360
1825838007,34117
1834183371,26002
1837890067,34117
1842921029,34117
1845578058,34117
1851560107,34117
1853493924,26002
1858247918,34117
1866627733,34117
1871106040,26002
1876224755,34117
1878959347,26010
1881495000,35360
1882650170,35360
1890221621,34117
1890409640,34117
1891372224,26010
1914571029,34117
1923436243,34117
1924200298,35360
1927075549,34117
1939536631,34117
1951193117,34117
1960540938,34117
1961113613,34117
1963069058,35360
1966171058,26010
1967300661,35360
1985075117,26010
1996567865,34117
2003263496,35360
2004658464,34117
2007080007,34117
2012359760,34117
2018034763,26010
2021834463,35360
2024572193,26010
2035810630,26010
2046703546,26010
2051981635,34117
2059872339,35360
2067397446,34117
2068510087,34117
2075542469,26002
2079519026,26010
2082949504,34117
2087850246,34117
2088623970,34117
2093229706,34117
2098828418,34117
2101035605,35360
2104413478,35360
2106649393,34117
2111177666,26010
2116132949,35360
2116542410,34117
2125961987,34117
2128181788,26002
2131767139,35360
2136851012,26002
2137776807,26010
2142002305,26010
2147357641,26010
2150538987,26010
2152970898,26010
2155812540,26010
2157512838,34117
2178672922,35360
2188050882,26002
2194377014,35360
2203617984,35360
2203858319,35360
2205179329,34117
2206870115,35360
2210475972,34117
2212990887,26002
2214190880,35360
2220704498,35360
2220787575,26010
2228083941,35360
2238739625,26010
2257172177,34117
2268221981,34117
2268918028,35360
2272064421,34117
2272910022,26002
2280761294,34117
2285337981,34117
2292614243,34117
2294602175,34117
2306395636,34117
2311643839,35360
2314417530,34117
2330704793,35360
2332602982,26002
2335392878,26002
2337322763,26010
2352678715,26002
2361792849,34117
2373617013,34117
2375325173,34117
2376256768,35360
2377884359,35360
2402197522,34117
2410046565,35360
2419036429,26010
2423079874,34117
2424610202,26010
2445577751,35360
2454492741,34117
2456859500,34117
2473381112,26010
2475831799,26002
2489372663,34117
2495748513,34117
2496585510,34117
2497392974,26010
2502110845,26010
2517705156,44430
2524776433,26002
2530405250,34117
2531358332,26010
2536049117,26010
2540481853,34117
2544642863,44430
2550619349,26002
2552677227,35360
2553197977,34117
2555675774,35360
2556347231,26002
2573842867,34117
2579374491,34117
2589044500,35360
2590633777,26002
2600169169,34117
2615287684,34117
2623225052,34117
2623678684,34117
2626593634,44430
2632109508,26010
2642624633,26002
2652698199,35360
2653068915,26010
2656396745,26002
2660177791,34117
2669341205,44430
2669969378,34117
2673757182,35360
2676456148,35360
2689046967,34117
2705604173,26010
2708764018,26002
2713673035,34117
2716466411,34117
2716752782,34117
2716947869,34117
2727460783,34117
2734445540,35360
2736169384,26002
2737376036,35360
2741330005,35360
2757751083,26002
2757775745,35360
2759477755,26010
2761996776,35360
2763227159,34117
2768504081,34117
2770853879,44430
2773856183,35360
2775536173,35360
2778370612,35360
2785199107,34117
2786449252,26002
2789632551,35360
2790504204,34117
2791137336,35360
2808420551,53997
2809620240,26010
2813533679,53997
2815220063,34117
2821927657,34117
2844417457,35360
2851151222,35360
2855094384,34117
2869809793,34117
2875030463,34117
2880423383,26002
2881190689,26010
2887085917,34117
2894972157,34117
2902578006,26010
2902582474,34117
2908683777,35360
2910938028,26010
2933605769,34117
2935800469,26002
2945808105,34117
2961522369,35360
2961547523,34117
2966806958,26010
2972783115,26010
2981267096,34117
2983822886,34117
2988217553,34117
2988223195,34117
2996066940,26010
3002733017,34117
3003756173,26010
3012554500,34117
3012922391,34117
3016463213,26010
3019071518,34117
3020371188,26010
3020373917,34117
3031545955,34117
3034991642,35360
3035195503,34117
3037854247,35360
3040864797,35360
3043804417,26010
3046048622,34117
3049591468,44430
3056295573,34117
3060150865,44430
3061154571,34117
3064717657,26010
3065239797,26002
3066128920,34117
3070061281,26010
3072203034,35360
3074797420,26010
3076490891,26002
3088997407,34117
3090197578,53997
3097347461,26002
3099819923,35360
3102979250,35360
3110212378,26002
3137156884,34117
3138051242,34117
3141052542,26002
3144205538,34117
3146430389,26010
3152234929,34117
3156756992,34117
3158644933,35360
3164491657,34117
3183136322,34117
3183278576,35360
3185727008,35360
3188147679,34117
3189521677,34117
3194326202,34117
3198627305,35360
3211982948,34117
3214941840,34117
3215721649,35360
3237609845,53997
3241425466,34117
3248922039,35360
3250832839,34117
3253501219,34117
3265775428,26010
3276984492,35360
3280953653,26002
3281388561,26002
3290306825,35360
3294954456,34117
3298840559,34117
3318424972,35360
3318557622,34117
3321304167,26010
3324873066,35360
3328549068,34117
3335656968,34117
3337576154,35360
3340933719,34117
3342671660,26010
3346244732,34117
3346415441,34117
3346651832,35360
3351412255,35360
3355195275,34117
3361709803,34117
3370691076,35360
3371019516,35360
3376387932,34117
3389327496,35360
3393924745,35360
3394433588,26010
3398456664,26002
3403995981,26002
3406558476,26010
3406708348,26010
3409971532,26010
3414512299,26010
3414605268,35360
3419802889,35360
3431039202,34117
3436049398,26010
3436915414,34117
3439864183,34117
3442657655,34117
3443360699,35360
3467185855,35360
3470951309,35360
3497041635,34117
3513954919,26010
3515764944,34117
3518241476,26002
3522460784,35360
3522504366,34117
3527825464,34117
3535030114,35360
3542835985,34117
3545147380,44430
3554743381,26010
3562312952,34117
3595246520,35360
3598654160,35360
3602356228,35360
3603241078,34117
3603497779,34117
3608009641,35360
3614895682,34117
3620638870,34117
3622438556,35360
3628843560,35360
3635486343,26002
3637340207,35360
3642178743,34117
3647910527,34117
3652794077,26010
3662102503,35360
3663725364,34117
3664792107,26010
3676026615,34117
3681179135,34117
3686818985,26010
3691457079,34117
3694884789,34117
3700757712,34117
3707256544,34117
3710912607,26002
3721853537,34117
3732127861,34117
3742893488,26002
3767466977,34117
3769121277,26010
3770778897,26010
3774596591,35360
3788871542,26010
3792996653,34117
3794425553,34117
3794435116,34117
3797609646,26002
3803006499,34117
3808412216,34117
3811489418,35360
3819086916,26010
3820901393,34117
3823213091,34117
3830755614,26010
3834183540,34117
3837479943,34117
3846096767,35360
3853942725,34117
3854101708,35360
3854983004,35360
3866421231,44430
3878283235,26010
3887603902,34117
3897872090,26010
3904609999,34117
3918162598,26010
3919317307,26002
3921214992,35360
3921562037,26010
3922476405,26010
3924902780,53997
3925240194,35360
3929972930,26002
3931084502,44430
3931902777,35360
3939111351,53997
3958093739,26002
3962971462,34117
3963531557,34117
3965259126,35360
3965555633,34117
3968673855,35360
3970017952,34117
3970776156,34117
3977024865,34117
3978531923,53997
3978718576,35360
3982999424,34117
4014453466,26002
4015222329,26010
4020494299,35360
4023763904,34117
4024699648,34117
4024884955,34117
4026460947,34117
4031467781,34117
4055275941,26002
4063221641,35360
4064202950,35360
4065328827,26002
4066091069,34117
4070071601,35360
4081240825,34117
4089994719,26010
4105398542,26002
4107199299,44430
4109320911,34117
4112966741,34117
4113035720,26002
4125736882,44430
4158695626,35360
4174099222,34117
4180160757,34117
4183432614,34117
4184728487,34117
4185163701,34117
4187712419,34117
4192381697,34117
4192772397,26010
4193724049,34117
4205218927,34117
4208123944,34117
4209891505,34117
4213889683,35360
4216652155,34117
4218389312,34117
4221764104,35360
4224411365,26010
4229347055,35360
4233602520,34117
4235140888,34117
4239546470,26002
4244019916,34117
4246483381,35360
4256996840,34117
4273576431,34117
4280519539,34117
4288082812,26002
4293224556,34117
